{"path_to_excels_exported_from_database": "excels exported/", "path_to_batches_unrecordable": "DC BATCHES IN WORK/8 UNRECORDABLE/", "path_to_batches_finished": "DC BATCHES IN WORK/6 FINISHED/", "path_to_batches_assigned": "DC BATCHES IN WORK/3 ASSIGNED/", "generateBigID": "NO", "path_to_new_opfiles": "DC BATCHES IN WORK/0 NEW/", "path_to_batches_instandby": "DC BATCHES IN WORK/7 IN STANDBY/", "batch_status_options_proofreader": "OP FILE OK, SPLIT FILE OK, FRONT END OK, **TO BE IMPORTED, **FINISHED, **REWORK, **STANDBY, **UNRECORDABLE", "path_to_excels_to_be_imported_in_database": "excels to be imported/", "generateCustomID": "YES", "customIDlentgh": "6", "path_to_dcs_info": "FUDB/", "batch_status_options_overall": "ONGOING, STANDBY, FINISHED, UNRECORDABLE", "path_to_batches_unassigned": "DC BATCHES IN WORK/1 UNASSIGNED/", "path_to_database": "FUDB/FOLLOWUP.DB", "path_to_frontend": "FUDB/", "path_to_batches_tobechecked": "DC BATCHES IN WORK/4 TO BE CHECKED/", "batch_status_options_responsible": "PREP. OP FILE, IMPORTATION & SPLIT FILE, RELIABILITY & DATA UPGRADE, CHECK OP FILE, CHECK SPLIT FILE, CHECK FRONT END, **TO BE CHECKED", "split_batch_factor": "2, 3, 4, 5, 6, 7, 8, 9", "path_to_bin": "bin/", "aircraft": "A300, A300-600, A310, A320, A330, A340, A350, A380", "path_to_batches_prepfiles": "DC BATCHES IN WORK/2 PREPARED FILES/", "path_to_batches_tbimported": "DC BATCHES IN WORK/5 TO BE IMPORTED/"}