{"BatchID": "j5pOuC", "Aircraft": "330", "Operator": "REW", "OriginalFilesName": "InstallGoOnUbuntu.txt, InstallNetBeansOnUbuntu.txt, InstallJavaOnUbuntu.txt, InstallMavenOnUbuntu.txt", "OriginalFilesPath": "DC BATCHES IN WORK/0 NEW/", "FilesID": "zOIYpK InstallGoOnUbuntu.txt, OKLkY2 InstallNetBeansOnUbuntu.txt, RDb5vp InstallJavaOnUbuntu.txt, HciTIY InstallMavenOnUbuntu.txt", "AddedDate": "2018-10-14", "StartDate": null, "Responsible": "user", "Proofreader": "UNASSIGNED", "ResponsibleStatus": "UNASSIGNED", "ProofreaderStatus": "UNASSIGNED", "ResponsibleComment": null, "ProofreaderComment": null, "OverallStatus": "UNASSIGNED", "EstimatedTaskNbr": null, "EstimatedFdgNbr": null, "TotalRowsNbr": null, "MPDTaskRowsNbr": null, "OperatorRowsNbr": null, "FindingsRowsNbr": null, "ChangesLog": "Batch added by admin,", "ImportedDateISAIM": null}